epoch,loss,loss_ce,loss_js,loss_kd,loss_rkd,clean_acc,time
1,4.69575304143569,4.18167734024165,0.014218420864504469,0.19252484377540285,0.006037192937234402,12.88,33.203810930252075
